contour,x,y,w,h,aspect,area,xdata,ydata,intensities,valid,xscale,yscale,unit
"[[[ 76 265]]

 [[ 75 266]]

 [[ 74 267]]

 [[ 73 267]]

 [[ 72 268]]

 [[ 71 267]]

 [[ 70 268]]

 [[ 69 267]]

 [[ 68 268]]

 [[ 67 268]]

 [[ 66 268]]

 [[ 65 268]]

 [[ 66 269]]

 [[ 67 268]]

 [[ 68 268]]

 [[ 69 268]]

 [[ 70 268]]

 [[ 71 268]]

 [[ 72 269]]

 [[ 73 269]]

 [[ 74 269]]

 [[ 75 269]]

 [[ 76 268]]

 [[ 77 268]]

 [[ 78 267]]

 [[ 79 267]]

 [[ 80 266]]

 [[ 81 266]]

 [[ 82 266]]

 [[ 83 267]]

 [[ 84 267]]

 [[ 85 268]]

 [[ 86 268]]

 [[ 87 269]]

 [[ 88 269]]

 [[ 89 269]]

 [[ 90 270]]

 [[ 90 269]]

 [[ 91 268]]

 [[ 92 269]]

 [[ 93 268]]

 [[ 94 268]]

 [[ 95 269]]

 [[ 95 270]]

 [[ 96 269]]

 [[ 97 268]]

 [[ 98 268]]

 [[ 99 267]]

 [[100 267]]

 [[101 267]]

 [[102 266]]

 [[103 265]]

 [[104 266]]

 [[104 267]]

 [[105 267]]

 [[106 268]]

 [[107 268]]

 [[108 268]]

 [[109 267]]

 [[110 268]]

 [[111 269]]

 [[112 270]]

 [[111 269]]

 [[112 268]]

 [[113 268]]

 [[114 269]]

 [[114 270]]

 [[115 269]]

 [[116 269]]

 [[117 268]]

 [[118 269]]

 [[119 268]]

 [[120 268]]

 [[121 267]]

 [[122 267]]

 [[123 267]]

 [[124 266]]

 [[125 266]]

 [[126 267]]

 [[127 267]]

 [[128 268]]

 [[129 268]]

 [[130 269]]

 [[130 268]]

 [[131 267]]

 [[132 268]]

 [[133 269]]

 [[134 268]]

 [[135 269]]

 [[135 270]]

 [[135 269]]

 [[136 268]]

 [[137 268]]

 [[138 268]]

 [[139 269]]

 [[140 268]]

 [[141 268]]

 [[142 267]]

 [[143 267]]

 [[144 267]]

 [[145 267]]

 [[146 266]]

 [[147 267]]

 [[148 267]]

 [[149 267]]

 [[150 268]]

 [[151 268]]

 [[152 267]]

 [[153 268]]

 [[154 268]]

 [[155 268]]

 [[156 269]]

 [[156 270]]

 [[157 270]]

 [[158 269]]

 [[159 268]]

 [[160 269]]

 [[161 269]]

 [[162 269]]

 [[163 268]]

 [[164 267]]

 [[165 267]]

 [[166 267]]

 [[167 267]]

 [[168 266]]

 [[169 267]]

 [[170 267]]

 [[171 267]]

 [[172 268]]

 [[173 269]]

 [[174 269]]

 [[175 268]]

 [[176 269]]

 [[177 270]]

 [[178 270]]

 [[179 269]]

 [[180 270]]

 [[180 271]]

 [[181 271]]

 [[182 272]]

 [[183 273]]

 [[184 274]]

 [[185 275]]

 [[186 275]]

 [[187 276]]

 [[188 277]]

 [[189 277]]

 [[190 278]]

 [[191 279]]

 [[192 278]]

 [[193 279]]

 [[194 279]]

 [[195 280]]

 [[196 280]]

 [[197 280]]

 [[198 280]]

 [[199 280]]

 [[200 280]]

 [[201 280]]

 [[202 280]]

 [[203 280]]

 [[204 280]]

 [[205 280]]

 [[206 280]]

 [[207 280]]

 [[208 280]]

 [[209 280]]

 [[210 280]]

 [[211 279]]

 [[212 280]]

 [[213 279]]

 [[214 280]]

 [[214 281]]

 [[215 281]]

 [[216 282]]

 [[217 282]]

 [[218 282]]

 [[219 281]]

 [[220 282]]

 [[220 283]]

 [[221 284]]

 [[222 284]]

 [[223 285]]

 [[224 286]]

 [[224 287]]

 [[225 288]]

 [[226 289]]

 [[227 290]]

 [[228 291]]

 [[228 292]]

 [[229 293]]

 [[230 294]]

 [[230 295]]

 [[231 296]]

 [[232 297]]

 [[233 298]]

 [[234 299]]

 [[235 298]]

 [[236 298]]

 [[237 299]]

 [[238 300]]

 [[238 301]]

 [[239 302]]

 [[240 302]]

 [[241 303]]

 [[242 303]]

 [[243 304]]

 [[244 304]]

 [[245 304]]

 [[246 304]]

 [[247 304]]

 [[248 305]]

 [[249 305]]

 [[250 305]]

 [[251 305]]

 [[252 306]]

 [[253 306]]

 [[254 306]]

 [[255 306]]

 [[256 306]]

 [[257 306]]

 [[258 307]]

 [[259 307]]

 [[260 307]]

 [[261 307]]

 [[262 307]]

 [[263 307]]

 [[264 307]]

 [[265 307]]

 [[266 308]]

 [[267 308]]

 [[268 307]]

 [[269 307]]

 [[270 308]]

 [[271 307]]

 [[272 308]]

 [[273 308]]

 [[274 307]]

 [[275 307]]

 [[276 307]]

 [[277 308]]

 [[278 308]]

 [[279 307]]

 [[280 307]]

 [[281 308]]

 [[281 307]]

 [[282 306]]

 [[283 307]]

 [[284 306]]

 [[285 307]]

 [[286 307]]

 [[287 307]]

 [[288 308]]

 [[289 307]]

 [[290 307]]

 [[291 308]]

 [[292 307]]

 [[293 307]]

 [[294 307]]

 [[295 307]]

 [[296 306]]

 [[297 307]]

 [[297 308]]

 [[298 308]]

 [[299 308]]

 [[300 307]]

 [[301 307]]

 [[302 308]]

 [[303 308]]

 [[304 308]]

 [[305 309]]

 [[306 309]]

 [[307 310]]

 [[308 310]]

 [[309 311]]

 [[310 312]]

 [[311 312]]

 [[312 313]]

 [[312 314]]

 [[313 314]]

 [[314 315]]

 [[315 316]]

 [[316 316]]

 [[317 316]]

 [[318 317]]

 [[319 317]]

 [[320 317]]

 [[321 317]]

 [[322 318]]

 [[323 318]]

 [[324 318]]

 [[325 318]]

 [[326 318]]

 [[327 318]]

 [[328 318]]

 [[329 318]]

 [[330 318]]

 [[331 318]]

 [[332 318]]

 [[333 318]]

 [[334 318]]

 [[335 318]]

 [[336 318]]

 [[337 319]]

 [[338 318]]

 [[339 319]]

 [[340 319]]

 [[341 320]]

 [[342 320]]

 [[343 320]]

 [[344 320]]

 [[345 321]]

 [[346 322]]

 [[347 323]]

 [[348 324]]

 [[348 325]]

 [[349 326]]

 [[349 327]]

 [[350 328]]

 [[350 329]]

 [[350 330]]

 [[350 331]]

 [[350 332]]

 [[350 333]]

 [[350 334]]

 [[350 335]]

 [[350 336]]

 [[350 337]]

 [[349 338]]

 [[349 339]]

 [[348 340]]

 [[347 341]]

 [[346 342]]

 [[345 342]]

 [[344 343]]

 [[343 343]]

 [[342 343]]

 [[341 343]]

 [[340 342]]

 [[339 343]]

 [[338 343]]

 [[337 343]]

 [[336 343]]

 [[335 342]]

 [[334 343]]

 [[333 342]]

 [[332 343]]

 [[331 343]]

 [[330 343]]

 [[329 342]]

 [[328 342]]

 [[327 343]]

 [[326 343]]

 [[325 343]]

 [[324 343]]

 [[323 343]]

 [[322 342]]

 [[321 343]]

 [[320 343]]

 [[319 343]]

 [[318 344]]

 [[317 343]]

 [[316 343]]

 [[315 343]]

 [[314 343]]

 [[313 342]]

 [[312 343]]

 [[311 343]]

 [[310 343]]

 [[309 343]]

 [[308 343]]

 [[307 343]]

 [[306 343]]

 [[305 343]]

 [[304 343]]

 [[303 343]]

 [[302 343]]

 [[301 342]]

 [[300 343]]

 [[299 342]]

 [[298 343]]

 [[297 343]]

 [[296 342]]

 [[295 343]]

 [[294 343]]

 [[293 343]]

 [[292 343]]

 [[291 343]]

 [[290 343]]

 [[289 343]]

 [[288 342]]

 [[287 343]]

 [[286 343]]

 [[285 343]]

 [[284 343]]

 [[283 343]]

 [[282 343]]

 [[281 343]]

 [[280 343]]

 [[279 343]]

 [[278 343]]

 [[277 343]]

 [[276 342]]

 [[275 343]]

 [[274 343]]

 [[273 343]]

 [[272 343]]

 [[271 343]]

 [[270 343]]

 [[269 342]]

 [[268 343]]

 [[267 342]]

 [[266 343]]

 [[265 343]]

 [[264 343]]

 [[263 343]]

 [[262 342]]

 [[261 343]]

 [[260 343]]

 [[259 343]]

 [[258 342]]

 [[257 343]]

 [[256 342]]

 [[255 343]]

 [[254 343]]

 [[253 342]]

 [[252 343]]

 [[251 342]]

 [[250 343]]

 [[249 342]]

 [[248 343]]

 [[247 343]]

 [[246 342]]

 [[245 343]]

 [[244 342]]

 [[243 343]]

 [[242 343]]

 [[241 343]]

 [[240 342]]

 [[239 342]]

 [[238 342]]

 [[237 342]]

 [[236 342]]

 [[235 342]]

 [[234 341]]

 [[233 341]]

 [[232 341]]

 [[231 340]]

 [[230 339]]

 [[229 339]]

 [[228 338]]

 [[227 337]]

 [[226 337]]

 [[225 336]]

 [[224 335]]

 [[223 335]]

 [[222 334]]

 [[221 334]]

 [[220 333]]

 [[220 332]]

 [[219 332]]

 [[218 331]]

 [[217 330]]

 [[216 330]]

 [[215 329]]

 [[214 329]]

 [[213 328]]

 [[213 327]]

 [[212 327]]

 [[211 326]]

 [[210 326]]

 [[209 325]]

 [[208 324]]

 [[207 324]]

 [[206 323]]

 [[205 323]]

 [[204 322]]

 [[203 321]]

 [[202 321]]

 [[201 320]]

 [[200 319]]

 [[199 318]]

 [[198 318]]

 [[197 317]]

 [[196 317]]

 [[195 316]]

 [[194 315]]

 [[193 315]]

 [[192 314]]

 [[191 313]]

 [[190 313]]

 [[189 312]]

 [[188 311]]

 [[187 311]]

 [[186 310]]

 [[185 309]]

 [[184 308]]

 [[183 308]]

 [[182 307]]

 [[181 307]]

 [[180 306]]

 [[179 306]]

 [[178 305]]

 [[177 305]]

 [[176 305]]

 [[175 305]]

 [[174 305]]

 [[173 304]]

 [[172 305]]

 [[171 305]]

 [[170 304]]

 [[169 305]]

 [[168 304]]

 [[167 304]]

 [[166 304]]

 [[165 305]]

 [[164 304]]

 [[163 304]]

 [[162 304]]

 [[161 304]]

 [[160 304]]

 [[159 304]]

 [[158 304]]

 [[157 305]]

 [[156 304]]

 [[155 305]]

 [[154 305]]

 [[153 305]]

 [[152 305]]

 [[151 304]]

 [[150 304]]

 [[149 305]]

 [[148 305]]

 [[147 304]]

 [[146 304]]

 [[145 304]]

 [[144 305]]

 [[143 304]]

 [[143 303]]

 [[142 304]]

 [[141 304]]

 [[140 304]]

 [[139 305]]

 [[138 304]]

 [[137 304]]

 [[136 305]]

 [[135 305]]

 [[134 305]]

 [[133 304]]

 [[132 304]]

 [[131 304]]

 [[130 305]]

 [[129 304]]

 [[128 304]]

 [[127 304]]

 [[126 304]]

 [[125 304]]

 [[124 304]]

 [[123 304]]

 [[122 304]]

 [[121 304]]

 [[120 304]]

 [[119 304]]

 [[118 305]]

 [[117 304]]

 [[117 303]]

 [[116 304]]

 [[115 304]]

 [[114 305]]

 [[113 304]]

 [[112 304]]

 [[111 304]]

 [[110 305]]

 [[109 305]]

 [[108 304]]

 [[107 304]]

 [[106 304]]

 [[105 303]]

 [[104 303]]

 [[103 302]]

 [[102 302]]

 [[101 301]]

 [[100 302]]

 [[ 99 301]]

 [[ 99 300]]

 [[ 98 300]]

 [[ 97 300]]

 [[ 96 299]]

 [[ 95 298]]

 [[ 94 297]]

 [[ 93 297]]

 [[ 92 296]]

 [[ 91 295]]

 [[ 90 295]]

 [[ 89 294]]

 [[ 88 294]]

 [[ 87 293]]

 [[ 86 292]]

 [[ 85 292]]

 [[ 84 291]]

 [[ 83 291]]

 [[ 82 290]]

 [[ 81 289]]

 [[ 80 289]]

 [[ 79 288]]

 [[ 78 287]]

 [[ 77 287]]

 [[ 76 286]]

 [[ 75 286]]

 [[ 74 285]]

 [[ 73 284]]

 [[ 72 284]]

 [[ 71 283]]

 [[ 70 283]]

 [[ 69 282]]

 [[ 68 282]]

 [[ 67 281]]

 [[ 66 280]]

 [[ 65 279]]

 [[ 64 279]]

 [[ 63 278]]

 [[ 62 278]]

 [[ 61 278]]

 [[ 60 277]]

 [[ 59 276]]

 [[ 58 275]]

 [[ 58 274]]

 [[ 58 273]]

 [[ 57 272]]

 [[ 58 271]]

 [[ 58 270]]

 [[ 58 269]]

 [[ 59 268]]

 [[ 60 268]]

 [[ 61 267]]

 [[ 62 267]]

 [[ 63 267]]

 [[ 62 266]]

 [[ 61 267]]

 [[ 60 267]]

 [[ 59 267]]

 [[ 58 268]]

 [[ 58 269]]

 [[ 58 270]]

 [[ 57 271]]

 [[ 57 272]]

 [[ 58 273]]

 [[ 58 274]]

 [[ 58 275]]

 [[ 58 276]]

 [[ 59 277]]

 [[ 60 278]]

 [[ 60 279]]

 [[ 61 280]]

 [[ 62 280]]

 [[ 63 281]]

 [[ 64 281]]

 [[ 65 282]]

 [[ 66 283]]

 [[ 67 283]]

 [[ 68 284]]

 [[ 69 284]]

 [[ 70 285]]

 [[ 71 286]]

 [[ 72 287]]

 [[ 73 287]]

 [[ 74 288]]

 [[ 75 289]]

 [[ 76 289]]

 [[ 77 290]]

 [[ 78 291]]

 [[ 79 291]]

 [[ 80 292]]

 [[ 81 292]]

 [[ 82 293]]

 [[ 83 293]]

 [[ 84 294]]

 [[ 85 295]]

 [[ 86 295]]

 [[ 87 296]]

 [[ 88 297]]

 [[ 89 297]]

 [[ 90 298]]

 [[ 91 298]]

 [[ 92 299]]

 [[ 93 300]]

 [[ 94 300]]

 [[ 95 301]]

 [[ 96 301]]

 [[ 97 302]]

 [[ 98 303]]

 [[ 99 303]]

 [[100 304]]

 [[101 304]]

 [[102 305]]

 [[103 305]]

 [[104 306]]

 [[105 306]]

 [[106 306]]

 [[107 306]]

 [[108 306]]

 [[109 307]]

 [[110 307]]

 [[111 307]]

 [[112 307]]

 [[113 307]]

 [[114 307]]

 [[115 307]]

 [[116 307]]

 [[117 307]]

 [[118 307]]

 [[119 307]]

 [[120 307]]

 [[121 307]]

 [[122 307]]

 [[123 307]]

 [[124 307]]

 [[125 307]]

 [[126 307]]

 [[127 307]]

 [[128 307]]

 [[129 307]]

 [[130 307]]

 [[131 307]]

 [[132 307]]

 [[133 307]]

 [[134 307]]

 [[135 307]]

 [[136 307]]

 [[137 307]]

 [[138 307]]

 [[139 307]]

 [[140 307]]

 [[141 307]]

 [[142 307]]

 [[143 307]]

 [[144 307]]

 [[145 307]]

 [[146 307]]

 [[147 307]]

 [[148 307]]

 [[149 307]]

 [[150 307]]

 [[151 307]]

 [[152 307]]

 [[153 307]]

 [[154 307]]

 [[155 307]]

 [[156 307]]

 [[157 307]]

 [[158 307]]

 [[159 307]]

 [[160 307]]

 [[161 307]]

 [[162 307]]

 [[163 307]]

 [[164 307]]

 [[165 307]]

 [[166 307]]

 [[167 307]]

 [[168 307]]

 [[169 307]]

 [[170 307]]

 [[171 307]]

 [[172 307]]

 [[173 307]]

 [[174 307]]

 [[175 307]]

 [[176 308]]

 [[177 308]]

 [[178 308]]

 [[179 309]]

 [[180 309]]

 [[181 310]]

 [[182 310]]

 [[183 311]]

 [[184 312]]

 [[185 312]]

 [[186 313]]

 [[187 314]]

 [[188 314]]

 [[189 315]]

 [[190 316]]

 [[191 316]]

 [[192 317]]

 [[193 318]]

 [[194 318]]

 [[195 319]]

 [[196 320]]

 [[197 320]]

 [[198 321]]

 [[199 321]]

 [[200 322]]

 [[201 323]]

 [[202 324]]

 [[203 324]]

 [[204 325]]

 [[205 325]]

 [[206 326]]

 [[207 327]]

 [[208 327]]

 [[209 328]]

 [[210 329]]

 [[211 330]]

 [[212 330]]

 [[213 331]]

 [[214 332]]

 [[215 332]]

 [[216 333]]

 [[217 333]]

 [[218 334]]

 [[219 335]]

 [[220 336]]

 [[221 336]]

 [[222 337]]

 [[223 338]]

 [[224 338]]

 [[225 339]]

 [[226 339]]

 [[227 340]]

 [[228 341]]

 [[229 342]]

 [[230 342]]

 [[231 343]]

 [[232 343]]

 [[233 343]]

 [[234 344]]

 [[235 344]]

 [[236 344]]

 [[237 344]]

 [[238 345]]

 [[239 345]]

 [[240 345]]

 [[241 346]]

 [[242 345]]

 [[243 345]]

 [[244 345]]

 [[245 345]]

 [[246 345]]

 [[247 345]]

 [[248 345]]

 [[249 345]]

 [[250 345]]

 [[251 345]]

 [[252 345]]

 [[253 345]]

 [[254 345]]

 [[255 345]]

 [[256 345]]

 [[257 345]]

 [[258 345]]

 [[259 345]]

 [[260 345]]

 [[261 345]]

 [[262 345]]

 [[263 345]]

 [[264 346]]

 [[265 345]]

 [[266 345]]

 [[267 345]]

 [[268 346]]

 [[269 345]]

 [[270 345]]

 [[271 345]]

 [[272 345]]

 [[273 346]]

 [[274 345]]

 [[275 346]]

 [[276 346]]

 [[277 346]]

 [[278 345]]

 [[279 345]]

 [[280 345]]

 [[281 345]]

 [[282 346]]

 [[283 345]]

 [[284 345]]

 [[285 345]]

 [[286 345]]

 [[287 345]]

 [[288 345]]

 [[289 345]]

 [[290 345]]

 [[291 345]]

 [[292 345]]

 [[293 345]]

 [[294 345]]

 [[295 345]]

 [[296 346]]

 [[297 345]]

 [[298 346]]

 [[299 345]]

 [[300 345]]

 [[301 345]]

 [[302 345]]

 [[303 345]]

 [[304 345]]

 [[305 345]]

 [[306 345]]

 [[307 345]]

 [[308 345]]

 [[309 346]]

 [[310 345]]

 [[311 346]]

 [[312 346]]

 [[313 345]]

 [[314 346]]

 [[315 345]]

 [[316 346]]

 [[317 345]]

 [[318 345]]

 [[319 345]]

 [[320 345]]

 [[321 345]]

 [[322 345]]

 [[323 346]]

 [[324 345]]

 [[325 345]]

 [[326 346]]

 [[327 346]]

 [[328 345]]

 [[329 345]]

 [[330 345]]

 [[331 345]]

 [[332 345]]

 [[333 345]]

 [[334 346]]

 [[335 345]]

 [[336 345]]

 [[337 345]]

 [[338 345]]

 [[339 345]]

 [[340 345]]

 [[341 345]]

 [[342 345]]

 [[343 345]]

 [[344 345]]

 [[345 345]]

 [[346 345]]

 [[347 344]]

 [[348 343]]

 [[349 342]]

 [[350 341]]

 [[351 340]]

 [[352 339]]

 [[352 338]]

 [[352 337]]

 [[353 336]]

 [[352 335]]

 [[352 334]]

 [[352 333]]

 [[352 332]]

 [[352 331]]

 [[352 330]]

 [[352 329]]

 [[352 328]]

 [[352 327]]

 [[352 326]]

 [[351 325]]

 [[350 324]]

 [[349 323]]

 [[349 322]]

 [[348 321]]

 [[348 320]]

 [[347 319]]

 [[346 319]]

 [[345 318]]

 [[344 318]]

 [[343 317]]

 [[342 317]]

 [[341 317]]

 [[340 317]]

 [[339 317]]

 [[338 316]]

 [[337 316]]

 [[336 316]]

 [[335 316]]

 [[334 316]]

 [[333 316]]

 [[332 316]]

 [[331 316]]

 [[330 316]]

 [[329 316]]

 [[328 316]]

 [[327 316]]

 [[326 316]]

 [[325 316]]

 [[324 316]]

 [[323 316]]

 [[322 315]]

 [[321 315]]

 [[320 315]]

 [[319 315]]

 [[318 314]]

 [[317 314]]

 [[316 313]]

 [[315 313]]

 [[314 312]]

 [[313 311]]

 [[312 310]]

 [[311 309]]

 [[310 308]]

 [[309 308]]

 [[308 307]]

 [[307 307]]

 [[306 307]]

 [[305 306]]

 [[304 306]]

 [[303 305]]

 [[302 305]]

 [[301 305]]

 [[300 305]]

 [[299 305]]

 [[298 305]]

 [[297 305]]

 [[296 305]]

 [[295 305]]

 [[294 305]]

 [[293 305]]

 [[292 305]]

 [[291 305]]

 [[290 305]]

 [[289 305]]

 [[288 305]]

 [[287 305]]

 [[286 305]]

 [[285 305]]

 [[284 305]]

 [[283 305]]

 [[282 305]]

 [[281 305]]

 [[280 305]]

 [[279 305]]

 [[278 305]]

 [[277 305]]

 [[276 305]]

 [[275 305]]

 [[274 305]]

 [[273 305]]

 [[272 305]]

 [[271 305]]

 [[270 305]]

 [[269 305]]

 [[268 305]]

 [[267 305]]

 [[266 305]]

 [[265 305]]

 [[264 305]]

 [[263 304]]

 [[262 304]]

 [[261 304]]

 [[260 304]]

 [[259 304]]

 [[258 304]]

 [[257 304]]

 [[256 304]]

 [[255 303]]

 [[254 303]]

 [[253 303]]

 [[252 303]]

 [[251 303]]

 [[250 302]]

 [[249 302]]

 [[248 302]]

 [[247 302]]

 [[246 302]]

 [[245 301]]

 [[244 301]]

 [[243 301]]

 [[242 300]]

 [[241 300]]

 [[240 299]]

 [[239 299]]

 [[238 298]]

 [[237 298]]

 [[236 297]]

 [[236 296]]

 [[235 295]]

 [[234 294]]

 [[233 293]]

 [[232 292]]

 [[231 291]]

 [[230 290]]

 [[230 289]]

 [[229 288]]

 [[228 287]]

 [[227 286]]

 [[226 285]]

 [[226 284]]

 [[225 283]]

 [[224 284]]

 [[223 283]]

 [[222 282]]

 [[221 281]]

 [[220 281]]

 [[219 280]]

 [[218 280]]

 [[217 279]]

 [[216 279]]

 [[215 279]]

 [[214 279]]

 [[213 279]]

 [[212 278]]

 [[211 278]]

 [[210 278]]

 [[209 278]]

 [[208 278]]

 [[207 278]]

 [[206 278]]

 [[205 278]]

 [[204 278]]

 [[203 278]]

 [[202 278]]

 [[201 278]]

 [[200 278]]

 [[199 278]]

 [[198 277]]

 [[197 278]]

 [[196 277]]

 [[195 277]]

 [[194 277]]

 [[193 276]]

 [[192 276]]

 [[191 275]]

 [[190 275]]

 [[189 274]]

 [[188 274]]

 [[187 273]]

 [[186 272]]

 [[185 271]]

 [[184 270]]

 [[183 270]]

 [[182 270]]

 [[181 269]]

 [[180 269]]

 [[179 268]]

 [[178 268]]

 [[177 268]]

 [[176 267]]

 [[175 267]]

 [[174 266]]

 [[173 266]]

 [[172 265]]

 [[171 265]]

 [[170 265]]

 [[169 265]]

 [[168 265]]

 [[167 265]]

 [[166 265]]

 [[165 265]]

 [[164 265]]

 [[163 265]]

 [[162 266]]

 [[161 266]]

 [[160 267]]

 [[159 267]]

 [[158 267]]

 [[157 267]]

 [[156 267]]

 [[155 267]]

 [[154 267]]

 [[153 267]]

 [[152 266]]

 [[151 265]]

 [[150 265]]

 [[149 265]]

 [[148 265]]

 [[147 265]]

 [[146 265]]

 [[145 265]]

 [[144 265]]

 [[143 265]]

 [[142 265]]

 [[141 265]]

 [[140 266]]

 [[139 266]]

 [[138 267]]

 [[137 267]]

 [[136 267]]

 [[135 267]]

 [[134 267]]

 [[133 267]]

 [[132 267]]

 [[131 267]]

 [[130 266]]

 [[129 265]]

 [[128 265]]

 [[127 265]]

 [[126 265]]

 [[125 265]]

 [[124 265]]

 [[123 265]]

 [[122 265]]

 [[121 265]]

 [[120 265]]

 [[119 265]]

 [[118 266]]

 [[117 267]]

 [[116 267]]

 [[115 267]]

 [[114 267]]

 [[113 267]]

 [[112 267]]

 [[111 267]]

 [[110 267]]

 [[109 266]]

 [[108 266]]

 [[107 265]]

 [[106 265]]

 [[105 265]]

 [[104 265]]

 [[103 265]]

 [[102 265]]

 [[101 265]]

 [[100 265]]

 [[ 99 265]]

 [[ 98 265]]

 [[ 97 265]]

 [[ 96 266]]

 [[ 95 267]]

 [[ 94 267]]

 [[ 93 267]]

 [[ 92 267]]

 [[ 91 267]]

 [[ 90 267]]

 [[ 89 267]]

 [[ 88 267]]

 [[ 87 266]]

 [[ 86 266]]

 [[ 85 265]]

 [[ 84 265]]

 [[ 83 265]]

 [[ 82 265]]

 [[ 81 265]]

 [[ 80 265]]

 [[ 79 265]]

 [[ 78 265]]

 [[ 77 265]]]",57,265,297,82,3.62,1459.0,"[ 76  75  74  73  72  71  70  69  68  67  66  65  66  67  68  69  70  71
  72  73  74  75  76  77  78  79  80  81  82  83  84  85  86  87  88  89
  90  90  91  92  93  94  95  95  96  97  98  99 100 101 102 103 104 104
 105 106 107 108 109 110 111 112 111 112 113 114 114 115 116 117 118 119
 120 121 122 123 124 125 126 127 128 129 130 130 131 132 133 134 135 135
 135 136 137 138 139 140 141 142 143 144 145 146 147 148 149 150 151 152
 153 154 155 156 156 157 158 159 160 161 162 163 164 165 166 167 168 169
 170 171 172 173 174 175 176 177 178 179 180 180 181 182 183 184 185 186
 187 188 189 190 191 192 193 194 195 196 197 198 199 200 201 202 203 204
 205 206 207 208 209 210 211 212 213 214 214 215 216 217 218 219 220 220
 221 222 223 224 224 225 226 227 228 228 229 230 230 231 232 233 234 235
 236 237 238 238 239 240 241 242 243 244 245 246 247 248 249 250 251 252
 253 254 255 256 257 258 259 260 261 262 263 264 265 266 267 268 269 270
 271 272 273 274 275 276 277 278 279 280 281 281 282 283 284 285 286 287
 288 289 290 291 292 293 294 295 296 297 297 298 299 300 301 302 303 304
 305 306 307 308 309 310 311 312 312 313 314 315 316 317 318 319 320 321
 322 323 324 325 326 327 328 329 330 331 332 333 334 335 336 337 338 339
 340 341 342 343 344 345 346 347 348 348 349 349 350 350 350 350 350 350
 350 350 350 350 349 349 348 347 346 345 344 343 342 341 340 339 338 337
 336 335 334 333 332 331 330 329 328 327 326 325 324 323 322 321 320 319
 318 317 316 315 314 313 312 311 310 309 308 307 306 305 304 303 302 301
 300 299 298 297 296 295 294 293 292 291 290 289 288 287 286 285 284 283
 282 281 280 279 278 277 276 275 274 273 272 271 270 269 268 267 266 265
 264 263 262 261 260 259 258 257 256 255 254 253 252 251 250 249 248 247
 246 245 244 243 242 241 240 239 238 237 236 235 234 233 232 231 230 229
 228 227 226 225 224 223 222 221 220 220 219 218 217 216 215 214 213 213
 212 211 210 209 208 207 206 205 204 203 202 201 200 199 198 197 196 195
 194 193 192 191 190 189 188 187 186 185 184 183 182 181 180 179 178 177
 176 175 174 173 172 171 170 169 168 167 166 165 164 163 162 161 160 159
 158 157 156 155 154 153 152 151 150 149 148 147 146 145 144 143 143 142
 141 140 139 138 137 136 135 134 133 132 131 130 129 128 127 126 125 124
 123 122 121 120 119 118 117 117 116 115 114 113 112 111 110 109 108 107
 106 105 104 103 102 101 100  99  99  98  97  96  95  94  93  92  91  90
  89  88  87  86  85  84  83  82  81  80  79  78  77  76  75  74  73  72
  71  70  69  68  67  66  65  64  63  62  61  60  59  58  58  58  57  58
  58  58  59  60  61  62  63  62  61  60  59  58  58  58  57  57  58  58
  58  58  59  60  60  61  62  63  64  65  66  67  68  69  70  71  72  73
  74  75  76  77  78  79  80  81  82  83  84  85  86  87  88  89  90  91
  92  93  94  95  96  97  98  99 100 101 102 103 104 105 106 107 108 109
 110 111 112 113 114 115 116 117 118 119 120 121 122 123 124 125 126 127
 128 129 130 131 132 133 134 135 136 137 138 139 140 141 142 143 144 145
 146 147 148 149 150 151 152 153 154 155 156 157 158 159 160 161 162 163
 164 165 166 167 168 169 170 171 172 173 174 175 176 177 178 179 180 181
 182 183 184 185 186 187 188 189 190 191 192 193 194 195 196 197 198 199
 200 201 202 203 204 205 206 207 208 209 210 211 212 213 214 215 216 217
 218 219 220 221 222 223 224 225 226 227 228 229 230 231 232 233 234 235
 236 237 238 239 240 241 242 243 244 245 246 247 248 249 250 251 252 253
 254 255 256 257 258 259 260 261 262 263 264 265 266 267 268 269 270 271
 272 273 274 275 276 277 278 279 280 281 282 283 284 285 286 287 288 289
 290 291 292 293 294 295 296 297 298 299 300 301 302 303 304 305 306 307
 308 309 310 311 312 313 314 315 316 317 318 319 320 321 322 323 324 325
 326 327 328 329 330 331 332 333 334 335 336 337 338 339 340 341 342 343
 344 345 346 347 348 349 350 351 352 352 352 353 352 352 352 352 352 352
 352 352 352 352 351 350 349 349 348 348 347 346 345 344 343 342 341 340
 339 338 337 336 335 334 333 332 331 330 329 328 327 326 325 324 323 322
 321 320 319 318 317 316 315 314 313 312 311 310 309 308 307 306 305 304
 303 302 301 300 299 298 297 296 295 294 293 292 291 290 289 288 287 286
 285 284 283 282 281 280 279 278 277 276 275 274 273 272 271 270 269 268
 267 266 265 264 263 262 261 260 259 258 257 256 255 254 253 252 251 250
 249 248 247 246 245 244 243 242 241 240 239 238 237 236 236 235 234 233
 232 231 230 230 229 228 227 226 226 225 224 223 222 221 220 219 218 217
 216 215 214 213 212 211 210 209 208 207 206 205 204 203 202 201 200 199
 198 197 196 195 194 193 192 191 190 189 188 187 186 185 184 183 182 181
 180 179 178 177 176 175 174 173 172 171 170 169 168 167 166 165 164 163
 162 161 160 159 158 157 156 155 154 153 152 151 150 149 148 147 146 145
 144 143 142 141 140 139 138 137 136 135 134 133 132 131 130 129 128 127
 126 125 124 123 122 121 120 119 118 117 116 115 114 113 112 111 110 109
 108 107 106 105 104 103 102 101 100  99  98  97  96  95  94  93  92  91
  90  89  88  87  86  85  84  83  82  81  80  79  78  77]","[265 266 267 267 268 267 268 267 268 268 268 268 269 268 268 268 268 268
 269 269 269 269 268 268 267 267 266 266 266 267 267 268 268 269 269 269
 270 269 268 269 268 268 269 270 269 268 268 267 267 267 266 265 266 267
 267 268 268 268 267 268 269 270 269 268 268 269 270 269 269 268 269 268
 268 267 267 267 266 266 267 267 268 268 269 268 267 268 269 268 269 270
 269 268 268 268 269 268 268 267 267 267 267 266 267 267 267 268 268 267
 268 268 268 269 270 270 269 268 269 269 269 268 267 267 267 267 266 267
 267 267 268 269 269 268 269 270 270 269 270 271 271 272 273 274 275 275
 276 277 277 278 279 278 279 279 280 280 280 280 280 280 280 280 280 280
 280 280 280 280 280 280 279 280 279 280 281 281 282 282 282 281 282 283
 284 284 285 286 287 288 289 290 291 292 293 294 295 296 297 298 299 298
 298 299 300 301 302 302 303 303 304 304 304 304 304 305 305 305 305 306
 306 306 306 306 306 307 307 307 307 307 307 307 307 308 308 307 307 308
 307 308 308 307 307 307 308 308 307 307 308 307 306 307 306 307 307 307
 308 307 307 308 307 307 307 307 306 307 308 308 308 307 307 308 308 308
 309 309 310 310 311 312 312 313 314 314 315 316 316 316 317 317 317 317
 318 318 318 318 318 318 318 318 318 318 318 318 318 318 318 319 318 319
 319 320 320 320 320 321 322 323 324 325 326 327 328 329 330 331 332 333
 334 335 336 337 338 339 340 341 342 342 343 343 343 343 342 343 343 343
 343 342 343 342 343 343 343 342 342 343 343 343 343 343 342 343 343 343
 344 343 343 343 343 342 343 343 343 343 343 343 343 343 343 343 343 342
 343 342 343 343 342 343 343 343 343 343 343 343 342 343 343 343 343 343
 343 343 343 343 343 343 342 343 343 343 343 343 343 342 343 342 343 343
 343 343 342 343 343 343 342 343 342 343 343 342 343 342 343 342 343 343
 342 343 342 343 343 343 342 342 342 342 342 342 341 341 341 340 339 339
 338 337 337 336 335 335 334 334 333 332 332 331 330 330 329 329 328 327
 327 326 326 325 324 324 323 323 322 321 321 320 319 318 318 317 317 316
 315 315 314 313 313 312 311 311 310 309 308 308 307 307 306 306 305 305
 305 305 305 304 305 305 304 305 304 304 304 305 304 304 304 304 304 304
 304 305 304 305 305 305 305 304 304 305 305 304 304 304 305 304 303 304
 304 304 305 304 304 305 305 305 304 304 304 305 304 304 304 304 304 304
 304 304 304 304 304 305 304 303 304 304 305 304 304 304 305 305 304 304
 304 303 303 302 302 301 302 301 300 300 300 299 298 297 297 296 295 295
 294 294 293 292 292 291 291 290 289 289 288 287 287 286 286 285 284 284
 283 283 282 282 281 280 279 279 278 278 278 277 276 275 274 273 272 271
 270 269 268 268 267 267 267 266 267 267 267 268 269 270 271 272 273 274
 275 276 277 278 279 280 280 281 281 282 283 283 284 284 285 286 287 287
 288 289 289 290 291 291 292 292 293 293 294 295 295 296 297 297 298 298
 299 300 300 301 301 302 303 303 304 304 305 305 306 306 306 306 306 307
 307 307 307 307 307 307 307 307 307 307 307 307 307 307 307 307 307 307
 307 307 307 307 307 307 307 307 307 307 307 307 307 307 307 307 307 307
 307 307 307 307 307 307 307 307 307 307 307 307 307 307 307 307 307 307
 307 307 307 307 307 307 307 307 307 307 307 307 308 308 308 309 309 310
 310 311 312 312 313 314 314 315 316 316 317 318 318 319 320 320 321 321
 322 323 324 324 325 325 326 327 327 328 329 330 330 331 332 332 333 333
 334 335 336 336 337 338 338 339 339 340 341 342 342 343 343 343 344 344
 344 344 345 345 345 346 345 345 345 345 345 345 345 345 345 345 345 345
 345 345 345 345 345 345 345 345 345 345 346 345 345 345 346 345 345 345
 345 346 345 346 346 346 345 345 345 345 346 345 345 345 345 345 345 345
 345 345 345 345 345 345 346 345 346 345 345 345 345 345 345 345 345 345
 345 346 345 346 346 345 346 345 346 345 345 345 345 345 345 346 345 345
 346 346 345 345 345 345 345 345 346 345 345 345 345 345 345 345 345 345
 345 345 345 344 343 342 341 340 339 338 337 336 335 334 333 332 331 330
 329 328 327 326 325 324 323 322 321 320 319 319 318 318 317 317 317 317
 317 316 316 316 316 316 316 316 316 316 316 316 316 316 316 316 316 315
 315 315 315 314 314 313 313 312 311 310 309 308 308 307 307 307 306 306
 305 305 305 305 305 305 305 305 305 305 305 305 305 305 305 305 305 305
 305 305 305 305 305 305 305 305 305 305 305 305 305 305 305 305 305 305
 305 305 305 305 304 304 304 304 304 304 304 304 303 303 303 303 303 302
 302 302 302 302 301 301 301 300 300 299 299 298 298 297 296 295 294 293
 292 291 290 289 288 287 286 285 284 283 284 283 282 281 281 280 280 279
 279 279 279 279 278 278 278 278 278 278 278 278 278 278 278 278 278 278
 277 278 277 277 277 276 276 275 275 274 274 273 272 271 270 270 270 269
 269 268 268 268 267 267 266 266 265 265 265 265 265 265 265 265 265 265
 266 266 267 267 267 267 267 267 267 267 266 265 265 265 265 265 265 265
 265 265 265 265 266 266 267 267 267 267 267 267 267 267 266 265 265 265
 265 265 265 265 265 265 265 265 266 267 267 267 267 267 267 267 267 266
 266 265 265 265 265 265 265 265 265 265 265 265 266 267 267 267 267 267
 267 267 267 266 266 265 265 265 265 265 265 265 265 265]","[54 47 42 49 45 56 43 57 44 44 44 56 56 44 44 43 43 43 56 57 57 56 54 57
 54 56 50 47 51 55 56 55 51 54 56 54 57 56 51 57 47 52 57 56 55 52 55 57
 57 56 54 46 52 57 53 56 54 57 42 53 57 57 57 50 49 56 55 56 56 55 56 55
 53 55 55 56 51 51 56 54 56 51 56 54 45 50 54 49 56 56 56 48 52 54 56 56
 51 55 57 54 57 50 55 55 54 54 53 44 53 51 49 55 57 57 55 53 56 54 57 53
 54 55 57 55 50 56 55 55 54 57 53 51 57 55 57 48 51 55 54 53 56 56 57 54
 55 55 53 54 56 55 57 55 56 56 56 54 54 54 56 56 54 56 56 53 55 55 55 56
 50 56 44 55 56 56 56 55 56 48 53 53 53 57 55 52 57 56 53 55 52 57 55 53
 57 57 56 56 56 56 45 50 53 55 53 54 56 54 56 55 53 57 57 54 53 55 54 56
 54 54 50 53 53 55 51 52 56 53 54 51 53 57 55 51 55 53 53 55 54 54 57 56
 57 57 55 57 57 56 51 55 52 57 55 55 56 57 55 57 54 56 56 57 50 56 56 57
 55 56 56 56 54 52 55 54 55 52 52 55 54 55 55 53 56 57 55 56 57 55 53 54
 55 57 56 54 55 56 55 53 56 56 55 55 55 55 56 56 55 53 56 57 54 54 53 52
 54 53 55 56 53 56 50 50 51 52 53 51 54 54 54 52 56 55 54 55 51 54 53 49
 55 55 57 54 52 54 54 57 56 57 52 53 52 55 56 55 54 54 51 52 57 52 54 56
 54 51 56 53 53 57 54 55 52 54 54 53 55 55 56 54 53 57 54 57 54 55 57 56
 51 54 55 54 53 54 57 53 54 52 51 54 52 53 56 53 51 53 56 53 55 55 53 57
 56 56 53 57 54 53 54 53 56 54 52 53 57 53 56 51 51 57 54 57 52 55 54 54
 56 56 57 53 56 54 56 56 56 52 56 53 54 53 55 56 54 53 55 52 53 55 56 54
 55 57 55 57 55 56 57 53 55 56 54 57 52 57 54 57 55 52 56 54 53 53 54 55
 53 56 54 54 53 54 56 57 56 57 57 53 53 55 53 53 57 56 53 53 55 53 57 55
 53 53 55 56 54 51 56 53 56 55 56 55 56 56 57 57 54 56 57 53 57 57 54 55
 55 57 57 55 56 56 56 55 52 56 57 55 56 54 54 55 56 57 53 55 55 57 55 56
 56 56 56 55 57 55 54 53 56 53 56 53 57 57 57 57 54 55 53 55 56 54 56 56
 56 55 54 57 53 55 56 56 55 57 57 55 56 57 57 57 55 55 56 56 56 57 53 55
 53 57 57 53 53 54 56 54 57 54 57 55 57 57 54 55 55 56 55 52 55 54 54 55
 46 52 56 55 56 57 55 47 44 56 41 47 51 54 41 44 52 54 47 55 55 56 55 56
 52 57 44 41 53 54 43 48 40 44 53 41 44 38 41 52 53 39 49 54 50 51 57 49
 54 41 45 39 46 52 40 52 54 46 49 41 49 55 46 49 40 43 50 42 49 42 56 45
 57 53 46 43 42 55 54 55 52 50 54 48 51 47 51 48 47 48 51 48 47 45 47 48
 46 48 48 45 45 46 49 43 46 45 48 45 46 47 49 48 43 49 45 44 45 44 46 45
 47 44 44 43 45 44 44 46 47 45 47 45 45 42 44 43 45 42 43 44 46 42 39 40
 52 49 42 52 47 49 45 52 52 46 50 56 45 47 57 43 53 57 44 52 57 45 51 41
 46 53 55 47 49 41 43 49 40 42 55 51 47 53 56 46 48 42 41 50 56 44 50 57
 43 52 41 42 51 54 48 56 46 41 47 49 43 42 49 47 46 57 46 43 44 42 45 43
 43 45 41 47 40 43 41 43 40 41 45 41 44 41 42 41 57 43 40 45 56 46 40 42
 42 57 42 56 56 55 42 40 42 44 56 45 40 43 40 41 42 41 43 41 42 40 42 41
 57 42 56 43 39 41 40 42 42 42 42 41 43 55 41 57 56 44 56 44 57 40 39 41
 42 39 45 57 42 42 57 57 40 44 42 47 41 47 57 43 42 42 42 41 45 40 44 44
 43 50 52 51 45 50 46 47 52 44 38 55 40 39 39 39 40 40 41 42 46 56 47 44
 42 49 43 54 55 45 51 45 55 55 48 42 41 52 53 45 44 42 43 42 42 44 41 46
 42 44 40 41 41 48 52 41 41 49 43 55 42 47 46 52 53 55 48 57 48 43 50 42
 55 48 46 44 50 45 49 45 46 45 42 48 44 47 44 46 45 43 49 50 55 53 50 45
 44 43 44 46 45 47 43 46 47 45 46 48 45 45 45 44 57 57 52 52 46 46 46 45
 56 48 49 44 43 56 56 51 42 43 57 50 45 55 51 54 54 57 55 55 56 56 57 51
 52 51 47 55 48 45 45 48 57 56 49 44 42 48 42 48 43 52 47 44 43 44 49 48
 44 44 44 41 42 43 42 42 42 43 42 42 54 42 50 48 43 57 49 56 51 57 45 49
 44 50 53 43 43 46 43 50 44 42 50 47 53 42 52 44 46 44 50 46 46 45 44 52
 41 54 44 46 46 47 47 49 46 45 48 55 49 45 45 46 47 48 44 47 44 51 41 56
 45 48 50 45 46 46 45 45 45 57 46 44 43 46 48 45 45 43 49 55 45 41 46 44
 46 48 44 44 45 52 39 50 47 44 47 46 47 45 46 42 46 56 46 44 47 50 43 46
 46 47 48 52 42 51 46 47 46 51 49 48 48 49]",1,0.36115205479452056,0.36115205479452056,$\mu$m
"[[[263 168]]

 [[262 169]]

 [[261 169]]

 [[260 169]]

 [[259 169]]

 [[258 169]]

 [[257 169]]

 [[256 169]]

 [[255 169]]

 [[254 169]]

 [[253 169]]

 [[252 169]]

 [[251 169]]

 [[250 169]]

 [[249 169]]

 [[248 169]]

 [[247 169]]

 [[246 169]]

 [[245 169]]

 [[244 169]]

 [[243 169]]

 [[242 169]]

 [[241 169]]

 [[240 169]]

 [[239 169]]

 [[238 169]]

 [[237 170]]

 [[236 170]]

 [[235 170]]

 [[234 170]]

 [[233 171]]

 [[232 171]]

 [[231 171]]

 [[230 172]]

 [[229 173]]

 [[228 173]]

 [[227 174]]

 [[226 174]]

 [[225 175]]

 [[224 176]]

 [[223 176]]

 [[222 177]]

 [[221 178]]

 [[220 178]]

 [[219 179]]

 [[218 180]]

 [[217 180]]

 [[216 181]]

 [[215 182]]

 [[214 182]]

 [[213 183]]

 [[212 184]]

 [[211 185]]

 [[210 185]]

 [[209 186]]

 [[208 186]]

 [[207 187]]

 [[206 188]]

 [[205 189]]

 [[204 189]]

 [[203 190]]

 [[202 190]]

 [[201 191]]

 [[200 192]]

 [[199 192]]

 [[198 193]]

 [[197 194]]

 [[196 194]]

 [[195 195]]

 [[194 196]]

 [[193 196]]

 [[192 197]]

 [[191 198]]

 [[190 198]]

 [[189 199]]

 [[188 200]]

 [[187 200]]

 [[186 201]]

 [[185 202]]

 [[184 202]]

 [[183 203]]

 [[182 204]]

 [[181 204]]

 [[180 205]]

 [[179 205]]

 [[178 205]]

 [[177 206]]

 [[176 206]]

 [[175 206]]

 [[174 206]]

 [[173 206]]

 [[172 207]]

 [[171 207]]

 [[170 207]]

 [[169 207]]

 [[168 207]]

 [[167 207]]

 [[166 207]]

 [[165 207]]

 [[164 207]]

 [[163 207]]

 [[162 207]]

 [[161 207]]

 [[160 207]]

 [[159 207]]

 [[158 207]]

 [[157 207]]

 [[156 207]]

 [[155 207]]

 [[154 207]]

 [[153 207]]

 [[152 207]]

 [[151 207]]

 [[150 207]]

 [[149 207]]

 [[148 207]]

 [[147 207]]

 [[146 207]]

 [[145 207]]

 [[144 207]]

 [[143 207]]

 [[142 207]]

 [[141 207]]

 [[140 207]]

 [[139 207]]

 [[138 207]]

 [[137 207]]

 [[136 206]]

 [[135 207]]

 [[134 207]]

 [[133 207]]

 [[132 207]]

 [[131 207]]

 [[130 206]]

 [[129 207]]

 [[128 207]]

 [[127 207]]

 [[126 207]]

 [[125 206]]

 [[124 207]]

 [[123 207]]

 [[122 207]]

 [[121 207]]

 [[120 207]]

 [[119 207]]

 [[118 207]]

 [[117 207]]

 [[116 207]]

 [[115 207]]

 [[114 207]]

 [[113 207]]

 [[112 207]]

 [[111 207]]

 [[110 207]]

 [[109 207]]

 [[108 207]]

 [[107 207]]

 [[106 208]]

 [[105 208]]

 [[104 208]]

 [[103 209]]

 [[102 209]]

 [[101 209]]

 [[100 210]]

 [[ 99 210]]

 [[ 98 211]]

 [[ 97 212]]

 [[ 96 212]]

 [[ 95 213]]

 [[ 94 214]]

 [[ 93 214]]

 [[ 92 215]]

 [[ 91 215]]

 [[ 90 216]]

 [[ 89 216]]

 [[ 88 217]]

 [[ 87 218]]

 [[ 86 218]]

 [[ 85 219]]

 [[ 84 219]]

 [[ 83 220]]

 [[ 82 220]]

 [[ 81 221]]

 [[ 80 222]]

 [[ 79 222]]

 [[ 78 223]]

 [[ 77 224]]

 [[ 76 224]]

 [[ 75 225]]

 [[ 74 226]]

 [[ 73 226]]

 [[ 72 227]]

 [[ 71 228]]

 [[ 70 228]]

 [[ 69 229]]

 [[ 68 229]]

 [[ 67 230]]

 [[ 66 231]]

 [[ 65 231]]

 [[ 64 232]]

 [[ 63 233]]

 [[ 62 233]]

 [[ 61 234]]

 [[ 60 235]]

 [[ 59 236]]

 [[ 59 237]]

 [[ 58 238]]

 [[ 58 239]]

 [[ 58 240]]

 [[ 58 239]]

 [[ 59 238]]

 [[ 59 237]]

 [[ 60 236]]

 [[ 61 236]]

 [[ 62 235]]

 [[ 63 234]]

 [[ 64 235]]

 [[ 65 234]]

 [[ 66 234]]

 [[ 66 233]]

 [[ 67 232]]

 [[ 68 231]]

 [[ 69 231]]

 [[ 70 231]]

 [[ 71 230]]

 [[ 72 230]]

 [[ 72 229]]

 [[ 73 228]]

 [[ 74 228]]

 [[ 75 228]]

 [[ 76 227]]

 [[ 77 226]]

 [[ 78 226]]

 [[ 79 225]]

 [[ 79 224]]

 [[ 80 223]]

 [[ 81 224]]

 [[ 80 223]]

 [[ 81 222]]

 [[ 82 222]]

 [[ 83 223]]

 [[ 84 222]]

 [[ 85 221]]

 [[ 86 221]]

 [[ 87 220]]

 [[ 88 220]]

 [[ 89 219]]

 [[ 90 219]]

 [[ 91 218]]

 [[ 92 217]]

 [[ 93 216]]

 [[ 94 216]]

 [[ 95 216]]

 [[ 96 215]]

 [[ 97 214]]

 [[ 98 213]]

 [[ 99 213]]

 [[100 212]]

 [[101 212]]

 [[102 211]]

 [[103 211]]

 [[102 210]]

 [[103 209]]

 [[104 209]]

 [[105 210]]

 [[106 210]]

 [[107 210]]

 [[106 209]]

 [[107 208]]

 [[108 208]]

 [[109 209]]

 [[110 209]]

 [[111 209]]

 [[112 209]]

 [[113 208]]

 [[114 209]]

 [[115 209]]

 [[116 209]]

 [[117 209]]

 [[118 209]]

 [[119 209]]

 [[120 209]]

 [[121 209]]

 [[122 209]]

 [[123 208]]

 [[124 209]]

 [[125 208]]

 [[126 209]]

 [[127 209]]

 [[128 209]]

 [[129 209]]

 [[130 209]]

 [[131 208]]

 [[132 207]]

 [[133 208]]

 [[133 209]]

 [[134 209]]

 [[135 209]]

 [[136 209]]

 [[137 209]]

 [[138 209]]

 [[139 209]]

 [[140 209]]

 [[141 209]]

 [[142 209]]

 [[143 209]]

 [[144 209]]

 [[145 209]]

 [[146 209]]

 [[147 209]]

 [[148 209]]

 [[149 209]]

 [[150 209]]

 [[151 209]]

 [[152 209]]

 [[152 208]]

 [[153 207]]

 [[154 208]]

 [[154 209]]

 [[155 209]]

 [[156 209]]

 [[157 209]]

 [[158 209]]

 [[159 209]]

 [[160 209]]

 [[160 208]]

 [[161 207]]

 [[162 208]]

 [[163 209]]

 [[164 209]]

 [[165 209]]

 [[166 209]]

 [[167 209]]

 [[168 208]]

 [[169 208]]

 [[170 209]]

 [[171 209]]

 [[172 209]]

 [[173 209]]

 [[174 209]]

 [[175 209]]

 [[174 208]]

 [[175 207]]

 [[176 207]]

 [[177 208]]

 [[177 209]]

 [[178 208]]

 [[179 208]]

 [[178 207]]

 [[179 206]]

 [[180 206]]

 [[181 207]]

 [[180 206]]

 [[181 205]]

 [[182 205]]

 [[183 206]]

 [[184 205]]

 [[185 205]]

 [[186 204]]

 [[187 203]]

 [[188 203]]

 [[187 203]]

 [[186 202]]

 [[187 201]]

 [[188 201]]

 [[189 200]]

 [[190 201]]

 [[191 201]]

 [[192 200]]

 [[193 200]]

 [[193 199]]

 [[194 198]]

 [[195 198]]

 [[196 197]]

 [[197 197]]

 [[198 196]]

 [[199 196]]

 [[200 195]]

 [[201 194]]

 [[202 193]]

 [[203 193]]

 [[204 192]]

 [[205 191]]

 [[206 191]]

 [[207 190]]

 [[208 189]]

 [[209 189]]

 [[210 188]]

 [[211 187]]

 [[212 187]]

 [[213 186]]

 [[214 186]]

 [[215 185]]

 [[216 184]]

 [[217 183]]

 [[218 183]]

 [[219 182]]

 [[220 182]]

 [[221 181]]

 [[222 180]]

 [[223 180]]

 [[224 179]]

 [[225 178]]

 [[226 177]]

 [[227 177]]

 [[228 176]]

 [[229 176]]

 [[230 175]]

 [[231 174]]

 [[232 173]]

 [[233 173]]

 [[234 173]]

 [[234 172]]

 [[235 171]]

 [[236 172]]

 [[237 172]]

 [[236 171]]

 [[237 170]]

 [[238 170]]

 [[239 170]]

 [[240 171]]

 [[239 172]]

 [[240 171]]

 [[241 171]]

 [[242 171]]

 [[243 171]]

 [[244 171]]

 [[245 171]]

 [[246 171]]

 [[246 170]]

 [[247 169]]

 [[248 170]]

 [[248 171]]

 [[249 171]]

 [[250 171]]

 [[251 171]]

 [[252 171]]

 [[253 171]]

 [[254 170]]

 [[255 171]]

 [[256 171]]

 [[257 171]]

 [[258 170]]

 [[259 171]]

 [[260 171]]

 [[261 171]]

 [[262 171]]

 [[263 171]]

 [[264 171]]

 [[265 171]]

 [[266 171]]

 [[267 171]]

 [[268 171]]

 [[269 171]]

 [[270 171]]

 [[271 171]]

 [[272 171]]

 [[273 171]]

 [[274 171]]

 [[275 171]]

 [[276 171]]

 [[277 171]]

 [[278 171]]

 [[279 171]]

 [[280 171]]

 [[281 171]]

 [[282 171]]

 [[283 171]]

 [[284 171]]

 [[285 171]]

 [[286 171]]

 [[287 171]]

 [[288 171]]

 [[289 171]]

 [[290 171]]

 [[291 171]]

 [[292 171]]

 [[293 171]]

 [[294 171]]

 [[295 171]]

 [[296 171]]

 [[297 171]]

 [[298 171]]

 [[299 171]]

 [[300 171]]

 [[301 171]]

 [[302 171]]

 [[303 172]]

 [[304 171]]

 [[305 171]]

 [[306 171]]

 [[307 171]]

 [[308 171]]

 [[309 171]]

 [[310 171]]

 [[311 171]]

 [[312 171]]

 [[313 171]]

 [[314 171]]

 [[315 171]]

 [[316 171]]

 [[317 171]]

 [[318 171]]

 [[319 172]]

 [[320 171]]

 [[321 171]]

 [[322 171]]

 [[323 171]]

 [[324 171]]

 [[325 171]]

 [[326 172]]

 [[327 171]]

 [[328 170]]

 [[329 171]]

 [[330 171]]

 [[331 171]]

 [[332 171]]

 [[333 171]]

 [[334 171]]

 [[335 170]]

 [[336 171]]

 [[337 172]]

 [[338 171]]

 [[339 170]]

 [[340 171]]

 [[340 172]]

 [[341 171]]

 [[342 171]]

 [[343 171]]

 [[344 171]]

 [[345 171]]

 [[346 171]]

 [[347 172]]

 [[348 173]]

 [[348 174]]

 [[348 175]]

 [[349 176]]

 [[350 177]]

 [[350 178]]

 [[350 179]]

 [[350 180]]

 [[350 181]]

 [[350 182]]

 [[350 183]]

 [[350 184]]

 [[350 185]]

 [[350 186]]

 [[349 187]]

 [[349 188]]

 [[348 189]]

 [[348 190]]

 [[347 191]]

 [[346 192]]

 [[345 193]]

 [[344 193]]

 [[343 194]]

 [[342 194]]

 [[341 195]]

 [[340 195]]

 [[339 195]]

 [[338 195]]

 [[337 196]]

 [[336 196]]

 [[335 196]]

 [[334 196]]

 [[333 196]]

 [[332 196]]

 [[331 196]]

 [[330 196]]

 [[329 196]]

 [[328 196]]

 [[327 196]]

 [[326 196]]

 [[325 195]]

 [[324 196]]

 [[323 196]]

 [[322 196]]

 [[321 196]]

 [[320 196]]

 [[319 196]]

 [[318 197]]

 [[317 197]]

 [[316 198]]

 [[315 197]]

 [[315 198]]

 [[314 199]]

 [[313 199]]

 [[312 200]]

 [[311 201]]

 [[310 202]]

 [[309 203]]

 [[308 204]]

 [[307 204]]

 [[306 205]]

 [[305 206]]

 [[304 206]]

 [[303 206]]

 [[302 206]]

 [[301 207]]

 [[300 207]]

 [[299 206]]

 [[298 207]]

 [[297 206]]

 [[296 207]]

 [[295 207]]

 [[294 206]]

 [[293 207]]

 [[292 206]]

 [[291 207]]

 [[290 207]]

 [[289 206]]

 [[288 207]]

 [[287 207]]

 [[286 206]]

 [[285 206]]

 [[284 207]]

 [[283 207]]

 [[282 207]]

 [[281 207]]

 [[280 207]]

 [[279 207]]

 [[278 207]]

 [[277 207]]

 [[276 207]]

 [[275 206]]

 [[274 207]]

 [[273 206]]

 [[272 207]]

 [[271 207]]

 [[270 207]]

 [[269 206]]

 [[268 207]]

 [[267 207]]

 [[266 207]]

 [[265 207]]

 [[264 207]]

 [[263 207]]

 [[262 207]]

 [[261 207]]

 [[260 206]]

 [[260 207]]

 [[259 208]]

 [[258 208]]

 [[257 208]]

 [[256 208]]

 [[255 208]]

 [[254 208]]

 [[253 208]]

 [[252 208]]

 [[251 209]]

 [[250 209]]

 [[249 209]]

 [[248 210]]

 [[247 210]]

 [[246 209]]

 [[245 210]]

 [[244 210]]

 [[243 210]]

 [[242 211]]

 [[241 211]]

 [[240 212]]

 [[239 211]]

 [[239 212]]

 [[238 213]]

 [[237 213]]

 [[236 213]]

 [[235 214]]

 [[234 215]]

 [[233 216]]

 [[233 217]]

 [[232 218]]

 [[231 218]]

 [[230 218]]

 [[231 219]]

 [[230 220]]

 [[229 221]]

 [[229 222]]

 [[228 223]]

 [[228 224]]

 [[227 225]]

 [[226 225]]

 [[225 226]]

 [[224 227]]

 [[223 228]]

 [[222 229]]

 [[221 230]]

 [[220 231]]

 [[219 231]]

 [[218 232]]

 [[217 232]]

 [[216 233]]

 [[215 233]]

 [[214 233]]

 [[213 233]]

 [[212 233]]

 [[211 234]]

 [[210 233]]

 [[209 234]]

 [[208 234]]

 [[207 234]]

 [[206 234]]

 [[205 234]]

 [[204 233]]

 [[203 233]]

 [[202 233]]

 [[201 234]]

 [[200 233]]

 [[199 233]]

 [[198 233]]

 [[197 234]]

 [[196 234]]

 [[195 235]]

 [[194 234]]

 [[193 235]]

 [[192 235]]

 [[191 235]]

 [[190 236]]

 [[189 236]]

 [[188 236]]

 [[188 237]]

 [[187 238]]

 [[186 238]]

 [[186 239]]

 [[185 240]]

 [[184 240]]

 [[183 241]]

 [[182 242]]

 [[181 242]]

 [[180 243]]

 [[179 243]]

 [[178 243]]

 [[177 244]]

 [[176 244]]

 [[175 244]]

 [[174 245]]

 [[173 245]]

 [[172 246]]

 [[171 246]]

 [[170 246]]

 [[169 247]]

 [[168 246]]

 [[167 246]]

 [[166 247]]

 [[165 246]]

 [[164 246]]

 [[163 245]]

 [[162 245]]

 [[161 244]]

 [[160 245]]

 [[159 244]]

 [[158 244]]

 [[157 244]]

 [[156 244]]

 [[155 244]]

 [[154 244]]

 [[153 245]]

 [[152 244]]

 [[151 245]]

 [[150 245]]

 [[149 246]]

 [[148 246]]

 [[147 246]]

 [[147 247]]

 [[146 248]]

 [[145 247]]

 [[145 246]]

 [[144 246]]

 [[143 246]]

 [[142 246]]

 [[141 245]]

 [[140 245]]

 [[139 244]]

 [[138 244]]

 [[137 244]]

 [[136 244]]

 [[135 244]]

 [[134 244]]

 [[133 244]]

 [[132 244]]

 [[131 244]]

 [[130 245]]

 [[129 245]]

 [[128 246]]

 [[127 246]]

 [[126 246]]

 [[125 246]]

 [[124 246]]

 [[123 246]]

 [[122 246]]

 [[121 246]]

 [[120 246]]

 [[119 245]]

 [[118 245]]

 [[117 244]]

 [[116 244]]

 [[115 244]]

 [[114 244]]

 [[113 244]]

 [[112 244]]

 [[111 243]]

 [[110 244]]

 [[109 244]]

 [[108 245]]

 [[107 245]]

 [[106 246]]

 [[105 246]]

 [[104 246]]

 [[103 246]]

 [[102 246]]

 [[101 247]]

 [[100 246]]

 [[ 99 246]]

 [[ 98 245]]

 [[ 97 245]]

 [[ 96 244]]

 [[ 95 244]]

 [[ 94 245]]

 [[ 93 244]]

 [[ 92 244]]

 [[ 91 244]]

 [[ 90 244]]

 [[ 89 244]]

 [[ 88 244]]

 [[ 87 245]]

 [[ 86 245]]

 [[ 85 245]]

 [[ 84 246]]

 [[ 83 246]]

 [[ 82 246]]

 [[ 81 246]]

 [[ 80 246]]

 [[ 79 246]]

 [[ 78 246]]

 [[ 77 246]]

 [[ 76 245]]

 [[ 75 245]]

 [[ 74 244]]

 [[ 73 244]]

 [[ 72 243]]

 [[ 71 244]]

 [[ 70 243]]

 [[ 70 244]]

 [[ 69 245]]

 [[ 68 244]]

 [[ 67 244]]

 [[ 66 245]]

 [[ 65 245]]

 [[ 65 246]]

 [[ 66 246]]

 [[ 67 246]]

 [[ 68 246]]

 [[ 69 246]]

 [[ 70 246]]

 [[ 71 246]]

 [[ 72 246]]

 [[ 73 246]]

 [[ 74 247]]

 [[ 75 247]]

 [[ 76 248]]

 [[ 77 248]]

 [[ 78 248]]

 [[ 79 248]]

 [[ 80 248]]

 [[ 81 248]]

 [[ 82 248]]

 [[ 83 248]]

 [[ 84 248]]

 [[ 85 248]]

 [[ 86 248]]

 [[ 87 247]]

 [[ 88 247]]

 [[ 89 246]]

 [[ 90 246]]

 [[ 91 246]]

 [[ 92 246]]

 [[ 93 246]]

 [[ 94 246]]

 [[ 95 247]]

 [[ 96 247]]

 [[ 97 248]]

 [[ 98 248]]

 [[ 99 249]]

 [[100 248]]

 [[101 249]]

 [[102 248]]

 [[103 248]]

 [[104 249]]

 [[105 248]]

 [[106 249]]

 [[107 248]]

 [[108 248]]

 [[109 247]]

 [[110 247]]

 [[111 246]]

 [[112 246]]

 [[113 247]]

 [[114 246]]

 [[115 246]]

 [[116 247]]

 [[117 247]]

 [[118 247]]

 [[119 248]]

 [[120 248]]

 [[121 249]]

 [[122 249]]

 [[123 249]]

 [[124 249]]

 [[125 248]]

 [[126 249]]

 [[127 249]]

 [[128 249]]

 [[129 248]]

 [[130 248]]

 [[131 247]]

 [[132 247]]

 [[133 247]]

 [[134 247]]

 [[135 247]]

 [[136 247]]

 [[137 246]]

 [[138 247]]

 [[139 247]]

 [[140 248]]

 [[141 248]]

 [[142 248]]

 [[143 249]]

 [[144 249]]

 [[145 249]]

 [[146 248]]

 [[147 249]]

 [[148 249]]

 [[149 249]]

 [[150 249]]

 [[151 248]]

 [[152 248]]

 [[153 247]]

 [[154 247]]

 [[155 247]]

 [[156 247]]

 [[157 247]]

 [[158 247]]

 [[159 246]]

 [[160 247]]

 [[161 247]]

 [[162 248]]

 [[163 249]]

 [[164 249]]

 [[165 249]]

 [[166 249]]

 [[167 249]]

 [[168 249]]

 [[169 249]]

 [[170 249]]

 [[171 249]]

 [[172 249]]

 [[173 248]]

 [[174 248]]

 [[175 247]]

 [[176 247]]

 [[177 246]]

 [[178 246]]

 [[179 246]]

 [[180 245]]

 [[181 245]]

 [[182 245]]

 [[183 244]]

 [[184 244]]

 [[185 243]]

 [[186 242]]

 [[187 241]]

 [[188 240]]

 [[189 240]]

 [[190 239]]

 [[191 238]]

 [[192 238]]

 [[193 237]]

 [[194 237]]

 [[195 237]]

 [[196 237]]

 [[197 237]]

 [[198 236]]

 [[199 236]]

 [[200 236]]

 [[201 236]]

 [[202 236]]

 [[203 236]]

 [[204 236]]

 [[205 236]]

 [[206 236]]

 [[207 236]]

 [[208 236]]

 [[209 236]]

 [[210 236]]

 [[211 236]]

 [[212 236]]

 [[213 236]]

 [[214 236]]

 [[215 235]]

 [[216 235]]

 [[217 235]]

 [[218 234]]

 [[219 234]]

 [[220 234]]

 [[221 233]]

 [[222 233]]

 [[223 232]]

 [[224 231]]

 [[225 230]]

 [[226 229]]

 [[227 228]]

 [[228 227]]

 [[229 226]]

 [[230 225]]

 [[230 224]]

 [[231 223]]

 [[232 222]]

 [[233 221]]

 [[233 220]]

 [[234 219]]

 [[235 218]]

 [[236 218]]

 [[237 217]]

 [[238 216]]

 [[239 215]]

 [[240 215]]

 [[241 214]]

 [[242 214]]

 [[243 214]]

 [[244 213]]

 [[245 213]]

 [[246 212]]

 [[247 212]]

 [[248 212]]

 [[249 212]]

 [[250 212]]

 [[251 211]]

 [[252 211]]

 [[253 211]]

 [[254 211]]

 [[255 210]]

 [[256 210]]

 [[257 210]]

 [[258 210]]

 [[259 210]]

 [[260 210]]

 [[261 210]]

 [[262 209]]

 [[263 210]]

 [[264 209]]

 [[265 209]]

 [[266 209]]

 [[267 209]]

 [[268 209]]

 [[269 209]]

 [[270 209]]

 [[271 209]]

 [[272 209]]

 [[273 209]]

 [[274 209]]

 [[275 209]]

 [[276 209]]

 [[277 209]]

 [[278 209]]

 [[279 209]]

 [[280 209]]

 [[281 209]]

 [[282 209]]

 [[283 209]]

 [[284 209]]

 [[285 209]]

 [[286 209]]

 [[287 209]]

 [[288 209]]

 [[289 209]]

 [[290 209]]

 [[291 209]]

 [[292 209]]

 [[293 209]]

 [[294 209]]

 [[295 209]]

 [[296 209]]

 [[297 209]]

 [[298 209]]

 [[299 209]]

 [[300 209]]

 [[301 209]]

 [[302 209]]

 [[303 209]]

 [[304 209]]

 [[305 208]]

 [[306 208]]

 [[307 207]]

 [[308 207]]

 [[309 206]]

 [[310 206]]

 [[311 205]]

 [[312 205]]

 [[312 204]]

 [[313 203]]

 [[314 203]]

 [[315 202]]

 [[316 201]]

 [[317 201]]

 [[318 200]]

 [[319 200]]

 [[320 199]]

 [[321 199]]

 [[322 199]]

 [[323 199]]

 [[324 198]]

 [[325 199]]

 [[326 198]]

 [[327 199]]

 [[328 199]]

 [[329 198]]

 [[330 198]]

 [[331 198]]

 [[332 199]]

 [[333 198]]

 [[334 198]]

 [[335 198]]

 [[336 198]]

 [[337 198]]

 [[338 198]]

 [[339 198]]

 [[340 198]]

 [[341 197]]

 [[342 197]]

 [[343 197]]

 [[344 197]]

 [[345 196]]

 [[346 196]]

 [[347 195]]

 [[348 194]]

 [[349 193]]

 [[349 192]]

 [[350 191]]

 [[351 190]]

 [[351 189]]

 [[352 188]]

 [[352 187]]

 [[352 186]]

 [[352 185]]

 [[352 184]]

 [[352 183]]

 [[352 182]]

 [[352 181]]

 [[352 180]]

 [[352 179]]

 [[352 178]]

 [[352 177]]

 [[352 176]]

 [[352 175]]

 [[351 174]]

 [[350 173]]

 [[349 172]]

 [[348 171]]

 [[347 170]]

 [[346 170]]

 [[345 169]]

 [[344 169]]

 [[343 169]]

 [[342 169]]

 [[341 169]]

 [[340 169]]

 [[339 169]]

 [[338 169]]

 [[337 169]]

 [[336 169]]

 [[335 169]]

 [[334 169]]

 [[333 169]]

 [[332 169]]

 [[331 169]]

 [[330 169]]

 [[329 169]]

 [[328 169]]

 [[327 169]]

 [[326 169]]

 [[325 169]]

 [[324 169]]

 [[323 169]]

 [[322 169]]

 [[321 169]]

 [[320 169]]

 [[319 169]]

 [[318 169]]

 [[317 169]]

 [[316 169]]

 [[315 169]]

 [[314 169]]

 [[313 169]]

 [[312 169]]

 [[311 169]]

 [[310 169]]

 [[309 169]]

 [[308 169]]

 [[307 169]]

 [[306 169]]

 [[305 169]]

 [[304 168]]

 [[303 169]]

 [[302 169]]

 [[301 169]]

 [[300 169]]

 [[299 169]]

 [[298 169]]

 [[297 169]]

 [[296 169]]

 [[295 168]]

 [[294 169]]

 [[293 169]]

 [[292 169]]

 [[291 169]]

 [[290 169]]

 [[289 169]]

 [[288 169]]

 [[287 169]]

 [[286 169]]

 [[285 169]]

 [[284 169]]

 [[283 169]]

 [[282 169]]

 [[281 169]]

 [[280 169]]

 [[279 169]]

 [[278 169]]

 [[277 169]]

 [[276 169]]

 [[275 169]]

 [[274 168]]

 [[273 169]]

 [[272 169]]

 [[271 169]]

 [[270 169]]

 [[269 169]]

 [[268 169]]

 [[267 169]]

 [[266 169]]

 [[265 169]]

 [[264 169]]]",58,168,295,82,3.6,1438.5,"[263 262 261 260 259 258 257 256 255 254 253 252 251 250 249 248 247 246
 245 244 243 242 241 240 239 238 237 236 235 234 233 232 231 230 229 228
 227 226 225 224 223 222 221 220 219 218 217 216 215 214 213 212 211 210
 209 208 207 206 205 204 203 202 201 200 199 198 197 196 195 194 193 192
 191 190 189 188 187 186 185 184 183 182 181 180 179 178 177 176 175 174
 173 172 171 170 169 168 167 166 165 164 163 162 161 160 159 158 157 156
 155 154 153 152 151 150 149 148 147 146 145 144 143 142 141 140 139 138
 137 136 135 134 133 132 131 130 129 128 127 126 125 124 123 122 121 120
 119 118 117 116 115 114 113 112 111 110 109 108 107 106 105 104 103 102
 101 100  99  98  97  96  95  94  93  92  91  90  89  88  87  86  85  84
  83  82  81  80  79  78  77  76  75  74  73  72  71  70  69  68  67  66
  65  64  63  62  61  60  59  59  58  58  58  58  59  59  60  61  62  63
  64  65  66  66  67  68  69  70  71  72  72  73  74  75  76  77  78  79
  79  80  81  80  81  82  83  84  85  86  87  88  89  90  91  92  93  94
  95  96  97  98  99 100 101 102 103 102 103 104 105 106 107 106 107 108
 109 110 111 112 113 114 115 116 117 118 119 120 121 122 123 124 125 126
 127 128 129 130 131 132 133 133 134 135 136 137 138 139 140 141 142 143
 144 145 146 147 148 149 150 151 152 152 153 154 154 155 156 157 158 159
 160 160 161 162 163 164 165 166 167 168 169 170 171 172 173 174 175 174
 175 176 177 177 178 179 178 179 180 181 180 181 182 183 184 185 186 187
 188 187 186 187 188 189 190 191 192 193 193 194 195 196 197 198 199 200
 201 202 203 204 205 206 207 208 209 210 211 212 213 214 215 216 217 218
 219 220 221 222 223 224 225 226 227 228 229 230 231 232 233 234 234 235
 236 237 236 237 238 239 240 239 240 241 242 243 244 245 246 246 247 248
 248 249 250 251 252 253 254 255 256 257 258 259 260 261 262 263 264 265
 266 267 268 269 270 271 272 273 274 275 276 277 278 279 280 281 282 283
 284 285 286 287 288 289 290 291 292 293 294 295 296 297 298 299 300 301
 302 303 304 305 306 307 308 309 310 311 312 313 314 315 316 317 318 319
 320 321 322 323 324 325 326 327 328 329 330 331 332 333 334 335 336 337
 338 339 340 340 341 342 343 344 345 346 347 348 348 348 349 350 350 350
 350 350 350 350 350 350 350 349 349 348 348 347 346 345 344 343 342 341
 340 339 338 337 336 335 334 333 332 331 330 329 328 327 326 325 324 323
 322 321 320 319 318 317 316 315 315 314 313 312 311 310 309 308 307 306
 305 304 303 302 301 300 299 298 297 296 295 294 293 292 291 290 289 288
 287 286 285 284 283 282 281 280 279 278 277 276 275 274 273 272 271 270
 269 268 267 266 265 264 263 262 261 260 260 259 258 257 256 255 254 253
 252 251 250 249 248 247 246 245 244 243 242 241 240 239 239 238 237 236
 235 234 233 233 232 231 230 231 230 229 229 228 228 227 226 225 224 223
 222 221 220 219 218 217 216 215 214 213 212 211 210 209 208 207 206 205
 204 203 202 201 200 199 198 197 196 195 194 193 192 191 190 189 188 188
 187 186 186 185 184 183 182 181 180 179 178 177 176 175 174 173 172 171
 170 169 168 167 166 165 164 163 162 161 160 159 158 157 156 155 154 153
 152 151 150 149 148 147 147 146 145 145 144 143 142 141 140 139 138 137
 136 135 134 133 132 131 130 129 128 127 126 125 124 123 122 121 120 119
 118 117 116 115 114 113 112 111 110 109 108 107 106 105 104 103 102 101
 100  99  98  97  96  95  94  93  92  91  90  89  88  87  86  85  84  83
  82  81  80  79  78  77  76  75  74  73  72  71  70  70  69  68  67  66
  65  65  66  67  68  69  70  71  72  73  74  75  76  77  78  79  80  81
  82  83  84  85  86  87  88  89  90  91  92  93  94  95  96  97  98  99
 100 101 102 103 104 105 106 107 108 109 110 111 112 113 114 115 116 117
 118 119 120 121 122 123 124 125 126 127 128 129 130 131 132 133 134 135
 136 137 138 139 140 141 142 143 144 145 146 147 148 149 150 151 152 153
 154 155 156 157 158 159 160 161 162 163 164 165 166 167 168 169 170 171
 172 173 174 175 176 177 178 179 180 181 182 183 184 185 186 187 188 189
 190 191 192 193 194 195 196 197 198 199 200 201 202 203 204 205 206 207
 208 209 210 211 212 213 214 215 216 217 218 219 220 221 222 223 224 225
 226 227 228 229 230 230 231 232 233 233 234 235 236 237 238 239 240 241
 242 243 244 245 246 247 248 249 250 251 252 253 254 255 256 257 258 259
 260 261 262 263 264 265 266 267 268 269 270 271 272 273 274 275 276 277
 278 279 280 281 282 283 284 285 286 287 288 289 290 291 292 293 294 295
 296 297 298 299 300 301 302 303 304 305 306 307 308 309 310 311 312 312
 313 314 315 316 317 318 319 320 321 322 323 324 325 326 327 328 329 330
 331 332 333 334 335 336 337 338 339 340 341 342 343 344 345 346 347 348
 349 349 350 351 351 352 352 352 352 352 352 352 352 352 352 352 352 352
 352 351 350 349 348 347 346 345 344 343 342 341 340 339 338 337 336 335
 334 333 332 331 330 329 328 327 326 325 324 323 322 321 320 319 318 317
 316 315 314 313 312 311 310 309 308 307 306 305 304 303 302 301 300 299
 298 297 296 295 294 293 292 291 290 289 288 287 286 285 284 283 282 281
 280 279 278 277 276 275 274 273 272 271 270 269 268 267 266 265 264]","[168 169 169 169 169 169 169 169 169 169 169 169 169 169 169 169 169 169
 169 169 169 169 169 169 169 169 170 170 170 170 171 171 171 172 173 173
 174 174 175 176 176 177 178 178 179 180 180 181 182 182 183 184 185 185
 186 186 187 188 189 189 190 190 191 192 192 193 194 194 195 196 196 197
 198 198 199 200 200 201 202 202 203 204 204 205 205 205 206 206 206 206
 206 207 207 207 207 207 207 207 207 207 207 207 207 207 207 207 207 207
 207 207 207 207 207 207 207 207 207 207 207 207 207 207 207 207 207 207
 207 206 207 207 207 207 207 206 207 207 207 207 206 207 207 207 207 207
 207 207 207 207 207 207 207 207 207 207 207 207 207 208 208 208 209 209
 209 210 210 211 212 212 213 214 214 215 215 216 216 217 218 218 219 219
 220 220 221 222 222 223 224 224 225 226 226 227 228 228 229 229 230 231
 231 232 233 233 234 235 236 237 238 239 240 239 238 237 236 236 235 234
 235 234 234 233 232 231 231 231 230 230 229 228 228 228 227 226 226 225
 224 223 224 223 222 222 223 222 221 221 220 220 219 219 218 217 216 216
 216 215 214 213 213 212 212 211 211 210 209 209 210 210 210 209 208 208
 209 209 209 209 208 209 209 209 209 209 209 209 209 209 208 209 208 209
 209 209 209 209 208 207 208 209 209 209 209 209 209 209 209 209 209 209
 209 209 209 209 209 209 209 209 209 208 207 208 209 209 209 209 209 209
 209 208 207 208 209 209 209 209 209 208 208 209 209 209 209 209 209 208
 207 207 208 209 208 208 207 206 206 207 206 205 205 206 205 205 204 203
 203 203 202 201 201 200 201 201 200 200 199 198 198 197 197 196 196 195
 194 193 193 192 191 191 190 189 189 188 187 187 186 186 185 184 183 183
 182 182 181 180 180 179 178 177 177 176 176 175 174 173 173 173 172 171
 172 172 171 170 170 170 171 172 171 171 171 171 171 171 171 170 169 170
 171 171 171 171 171 171 170 171 171 171 170 171 171 171 171 171 171 171
 171 171 171 171 171 171 171 171 171 171 171 171 171 171 171 171 171 171
 171 171 171 171 171 171 171 171 171 171 171 171 171 171 171 171 171 171
 171 172 171 171 171 171 171 171 171 171 171 171 171 171 171 171 171 172
 171 171 171 171 171 171 172 171 170 171 171 171 171 171 171 170 171 172
 171 170 171 172 171 171 171 171 171 171 172 173 174 175 176 177 178 179
 180 181 182 183 184 185 186 187 188 189 190 191 192 193 193 194 194 195
 195 195 195 196 196 196 196 196 196 196 196 196 196 196 196 195 196 196
 196 196 196 196 197 197 198 197 198 199 199 200 201 202 203 204 204 205
 206 206 206 206 207 207 206 207 206 207 207 206 207 206 207 207 206 207
 207 206 206 207 207 207 207 207 207 207 207 207 206 207 206 207 207 207
 206 207 207 207 207 207 207 207 207 206 207 208 208 208 208 208 208 208
 208 209 209 209 210 210 209 210 210 210 211 211 212 211 212 213 213 213
 214 215 216 217 218 218 218 219 220 221 222 223 224 225 225 226 227 228
 229 230 231 231 232 232 233 233 233 233 233 234 233 234 234 234 234 234
 233 233 233 234 233 233 233 234 234 235 234 235 235 235 236 236 236 237
 238 238 239 240 240 241 242 242 243 243 243 244 244 244 245 245 246 246
 246 247 246 246 247 246 246 245 245 244 245 244 244 244 244 244 244 245
 244 245 245 246 246 246 247 248 247 246 246 246 246 245 245 244 244 244
 244 244 244 244 244 244 245 245 246 246 246 246 246 246 246 246 246 245
 245 244 244 244 244 244 244 243 244 244 245 245 246 246 246 246 246 247
 246 246 245 245 244 244 245 244 244 244 244 244 244 245 245 245 246 246
 246 246 246 246 246 246 245 245 244 244 243 244 243 244 245 244 244 245
 245 246 246 246 246 246 246 246 246 246 247 247 248 248 248 248 248 248
 248 248 248 248 248 247 247 246 246 246 246 246 246 247 247 248 248 249
 248 249 248 248 249 248 249 248 248 247 247 246 246 247 246 246 247 247
 247 248 248 249 249 249 249 248 249 249 249 248 248 247 247 247 247 247
 247 246 247 247 248 248 248 249 249 249 248 249 249 249 249 248 248 247
 247 247 247 247 247 246 247 247 248 249 249 249 249 249 249 249 249 249
 249 248 248 247 247 246 246 246 245 245 245 244 244 243 242 241 240 240
 239 238 238 237 237 237 237 237 236 236 236 236 236 236 236 236 236 236
 236 236 236 236 236 236 236 235 235 235 234 234 234 233 233 232 231 230
 229 228 227 226 225 224 223 222 221 220 219 218 218 217 216 215 215 214
 214 214 213 213 212 212 212 212 212 211 211 211 211 210 210 210 210 210
 210 210 209 210 209 209 209 209 209 209 209 209 209 209 209 209 209 209
 209 209 209 209 209 209 209 209 209 209 209 209 209 209 209 209 209 209
 209 209 209 209 209 209 209 209 209 208 208 207 207 206 206 205 205 204
 203 203 202 201 201 200 200 199 199 199 199 198 199 198 199 199 198 198
 198 199 198 198 198 198 198 198 198 198 197 197 197 197 196 196 195 194
 193 192 191 190 189 188 187 186 185 184 183 182 181 180 179 178 177 176
 175 174 173 172 171 170 170 169 169 169 169 169 169 169 169 169 169 169
 169 169 169 169 169 169 169 169 169 169 169 169 169 169 169 169 169 169
 169 169 169 169 169 169 169 169 169 169 169 169 168 169 169 169 169 169
 169 169 169 168 169 169 169 169 169 169 169 169 169 169 169 169 169 169
 169 169 169 169 169 169 168 169 169 169 169 169 169 169 169 169 169]","[56 44 42 42 41 40 43 41 43 43 43 43 42 43 41 44 41 43 42 43 44 45 46 41
 49 47 41 43 46 54 43 50 54 47 41 51 46 55 50 43 57 50 44 57 48 43 54 47
 41 56 49 42 42 45 44 52 53 42 41 48 44 56 47 42 54 44 43 52 49 41 55 43
 41 49 45 42 49 45 41 53 46 42 54 44 51 57 42 54 54 54 54 43 41 41 40 40
 41 39 40 40 41 41 42 42 42 42 42 40 42 41 41 40 40 43 43 42 40 42 42 41
 42 40 42 40 41 41 43 55 41 42 40 43 43 57 41 40 40 41 57 40 40 40 41 41
 41 41 40 43 42 43 42 41 40 43 43 48 54 43 43 45 40 42 52 41 54 43 42 47
 41 41 45 42 48 42 54 46 42 53 42 56 47 57 52 45 56 49 40 54 46 42 57 43
 41 48 46 51 52 41 57 45 39 51 44 43 50 42 54 50 54 50 51 42 46 57 54 50
 54 49 55 56 56 54 56 55 57 56 56 56 57 54 57 56 56 57 57 45 55 45 43 52
 56 52 57 56 56 54 56 57 56 56 57 55 56 54 55 55 54 56 56 55 57 54 40 50
 57 54 55 57 43 48 56 57 57 56 56 56 56 54 56 56 54 56 55 56 56 57 57 55
 56 53 56 55 56 43 54 53 55 55 57 57 55 56 56 55 55 55 57 53 56 56 57 56
 56 57 55 55 41 54 55 57 56 57 55 54 57 55 42 54 57 55 54 55 55 53 54 52
 55 54 56 57 54 55 40 44 57 57 56 55 53 46 53 56 53 42 50 57 50 57 55 57
 56 57 44 41 52 43 54 56 57 57 53 54 57 53 56 55 57 57 53 55 57 56 55 55
 54 53 56 55 56 53 55 55 56 53 54 56 55 57 54 52 57 57 51 53 54 54 56 53
 52 54 56 55 56 50 54 55 57 41 50 48 57 56 57 56 55 52 57 56 55 53 41 53
 55 53 57 56 56 56 57 55 52 55 56 54 56 54 56 57 55 54 57 57 52 56 55 56
 54 54 55 52 55 56 53 53 55 54 55 55 56 53 52 54 53 54 54 55 53 53 54 53
 54 56 54 54 56 55 54 57 56 53 54 50 55 57 55 56 56 54 53 55 56 52 55 57
 52 56 56 55 56 56 57 56 51 55 56 53 54 56 54 47 56 57 57 49 56 56 56 54
 54 53 57 57 55 54 57 56 56 54 52 51 53 53 53 51 52 51 53 56 55 55 54 55
 53 49 57 52 56 53 51 55 55 52 52 54 52 53 53 52 52 51 51 52 54 57 52 57
 52 56 56 57 54 55 54 57 57 53 56 56 54 52 53 53 57 56 55 54 54 57 53 51
 57 55 56 53 53 56 51 56 53 53 56 53 55 57 57 53 51 52 56 53 55 54 51 53
 57 55 57 50 53 55 57 53 53 52 54 52 49 55 56 57 55 53 55 52 53 54 56 53
 56 53 54 54 53 52 54 53 52 56 49 55 52 56 56 53 55 57 55 57 54 51 53 57
 57 51 54 54 52 52 54 53 53 56 56 53 54 52 51 52 52 54 53 55 54 53 56 54
 56 54 54 53 52 53 57 56 57 53 56 57 56 49 51 55 55 51 51 53 51 55 57 54
 51 53 50 52 53 54 50 56 54 55 57 56 54 53 51 52 50 53 56 56 57 56 57 57
 52 57 56 57 55 54 52 54 55 56 55 55 57 56 57 55 55 57 57 42 54 56 57 56
 52 52 56 57 57 55 54 52 56 54 57 55 52 55 51 53 56 55 57 53 54 55 53 55
 54 57 57 55 55 54 55 57 57 53 50 53 52 55 56 54 56 55 53 53 56 54 56 55
 54 55 55 56 56 56 53 53 50 56 52 55 55 57 55 54 54 56 53 56 54 53 55 55
 57 50 44 54 56 42 56 55 54 56 57 48 52 49 51 48 54 40 50 43 42 40 44 42
 43 40 40 42 53 43 55 40 41 41 39 42 42 54 44 52 41 56 40 56 41 39 56 42
 52 41 50 48 49 40 41 56 40 41 56 50 41 45 40 55 52 55 56 41 55 55 56 40
 52 44 55 56 55 52 54 40 51 49 54 43 41 51 51 55 42 54 53 54 55 40 52 47
 48 56 53 56 52 41 53 44 50 56 52 47 52 53 54 52 51 50 54 41 51 45 52 41
 46 52 42 46 57 42 57 48 49 43 41 55 48 43 48 40 42 48 47 55 39 41 42 44
 43 45 43 45 43 42 44 46 45 48 51 55 55 43 48 52 41 45 53 44 56 52 43 44
 43 41 43 45 56 40 44 53 55 46 45 46 56 54 52 45 53 43 55 57 53 50 44 44
 49 53 53 40 40 52 50 40 41 40 45 45 56 52 41 54 42 42 43 45 42 45 44 47
 44 44 44 43 44 43 45 40 43 41 43 42 41 43 42 45 42 44 45 43 44 44 45 42
 42 43 44 45 42 46 44 52 56 45 56 43 53 42 54 44 57 43 46 55 54 44 56 47
 52 42 42 54 54 38 57 38 57 55 40 40 42 57 43 39 41 44 43 50 50 57 41 46
 54 56 51 54 52 45 53 42 47 54 43 54 45 43 42 41 39 42 41 42 39 40 41 46
 54 52 49 54 51 51 43 48 50 41 48 43 46 46 45 47 42 48 42 46 43 42 45 43
 45 42 45 42 44 43 43 43 42 42 42 43 43 43 43 41 42 41 43 43 43 41 44 42
 56 45 41 44 43 42 44 42 43 56 43 41 40 43 41 42 41 42 40 44 44 43 42 43
 45 44 44 42 43 43 57 44 44 44 42 45 42 41 42 42 44]",1,0.36115205479452056,0.36115205479452056,$\mu$m
